{"train/decode.loss_seg": 0.35266634583473205, "train/decode.acc_seg": 88.09304306030273, "train/aux.loss_seg": 0.31334746211767195, "train/aux.acc_seg": 77.22204605102539, "train/loss": 0.6660138100385666, "learning_rate": 0.00012168079999999999, "momentum": 0.9, "_runtime": 420543, "_timestamp": 1627974355, "_step": 347900, "train/eval_iter_num": 500, "train/aAcc": 0.8704000000000001, "train/mIoU": 0.39649999999999996, "train/mAcc": 0.4818, "train/IoU.Bird": 0.0, "train/IoU.Ground Animal": 0.0, "train/IoU.Curb": 0.5807, "train/IoU.Fence": 0.5355, "train/IoU.Guard Rail": 0.5700999999999999, "train/IoU.Barrier": 0.4207, "train/IoU.Wall": 0.4559, "train/IoU.Bike Lane": 0.1158, "train/IoU.Crosswalk - Plain": 0.1297, "train/IoU.Curb Cut": 0.0987, "train/IoU.Parking": 0.0226, "train/IoU.Pedestrian Area": 0.4403, "train/IoU.Rail Track": 0.436, "train/IoU.Road": 0.8473999999999999, "train/IoU.Service Lane": 0.32659999999999995, "train/IoU.Sidewalk": 0.5744, "train/IoU.Bridge": 0.6372, "train/IoU.Building": 0.8256999999999999, "train/IoU.Tunnel": 0.3886, "train/IoU.Person": 0.7029000000000001, "train/IoU.Bicyclist": 0.35869999999999996, "train/IoU.Motorcyclist": 0.3607, "train/IoU.Other Rider": 0.0, "train/IoU.Lane Marking - Crosswalk": 0.5886, "train/IoU.Lane Marking - General": 0.5613, "train/IoU.Mountain": 0.4656, "train/IoU.Sand": 0.0262, "train/IoU.Sky": 0.9682, "train/IoU.Snow": 0.7888, "train/IoU.Terrain": 0.6247, "train/IoU.Vegetation": 0.879, "train/IoU.Water": 0.7970999999999999, "train/IoU.Banner": 0.07919999999999999, "train/IoU.Bench": 0.5274, "train/IoU.Bike Rack": 0.011899999999999999, "train/IoU.Billboard": 0.4346, "train/IoU.Catch Basin": 0.33049999999999996, "train/IoU.CCTV Camera": 0.0, "train/IoU.Fire Hydrant": 0.42950000000000005, "train/IoU.Junction Box": 0.37170000000000003, "train/IoU.Mailbox": 0.025099999999999997, "train/IoU.Manhole": 0.3529, "train/IoU.Phone Booth": 0.0014000000000000002, "train/IoU.Pothole": 0.0, "train/IoU.Street Light": 0.3741, "train/IoU.Pole": 0.4292, "train/IoU.Traffic Sign Frame": 0.5309, "train/IoU.Utility Pole": 0.4, "train/IoU.Traffic Light": 0.6429, "train/IoU.Traffic Sign (Back)": 0.38689999999999997, "train/IoU.Traffic Sign (Front)": 0.7101000000000001, "train/IoU.Trash Can": 0.3325, "train/IoU.Bicycle": 0.5373, "train/IoU.Boat": 0.0013, "train/IoU.Bus": 0.6718000000000001, "train/IoU.Car": 0.8856999999999999, "train/IoU.Caravan": 0.0, "train/IoU.Motorcycle": 0.38159999999999994, "train/IoU.On Rails": 0.4329, "train/IoU.Other Vehicle": 0.0329, "train/IoU.Trailer": 0.0, "train/IoU.Truck": 0.6466, "train/IoU.Wheeled Slow": 0.032, "train/IoU.Car Mount": 0.5903, "train/IoU.Ego Vehicle": 0.8347, "train/IoU.Unlabeled": 0.2212, "train/Acc.Bird": 0.0, "train/Acc.Ground Animal": 0.0, "train/Acc.Curb": 0.7302, "train/Acc.Fence": 0.6814, "train/Acc.Guard Rail": 0.6646, "train/Acc.Barrier": 0.532, "train/Acc.Wall": 0.5734, "train/Acc.Bike Lane": 0.1261, "train/Acc.Crosswalk - Plain": 0.1384, "train/Acc.Curb Cut": 0.1168, "train/Acc.Parking": 0.0268, "train/Acc.Pedestrian Area": 0.5257000000000001, "train/Acc.Rail Track": 0.5484, "train/Acc.Road": 0.9431, "train/Acc.Service Lane": 0.44630000000000003, "train/Acc.Sidewalk": 0.8067, "train/Acc.Bridge": 0.7188, "train/Acc.Building": 0.94, "train/Acc.Tunnel": 0.44939999999999997, "train/Acc.Person": 0.9034, "train/Acc.Bicyclist": 0.5296, "train/Acc.Motorcyclist": 0.517, "train/Acc.Other Rider": 0.0, "train/Acc.Lane Marking - Crosswalk": 0.6661, "train/Acc.Lane Marking - General": 0.6417, "train/Acc.Mountain": 0.5227, "train/Acc.Sand": 0.026699999999999998, "train/Acc.Sky": 0.9895999999999999, "train/Acc.Snow": 0.9459000000000001, "train/Acc.Terrain": 0.7674, "train/Acc.Vegetation": 0.9506, "train/Acc.Water": 0.8218000000000001, "train/Acc.Banner": 0.0973, "train/Acc.Bench": 0.652, "train/Acc.Bike Rack": 0.013600000000000001, "train/Acc.Billboard": 0.5372, "train/Acc.Catch Basin": 0.3787, "train/Acc.CCTV Camera": 0.0, "train/Acc.Fire Hydrant": 0.5412, "train/Acc.Junction Box": 0.4545, "train/Acc.Mailbox": 0.0286, "train/Acc.Manhole": 0.40549999999999997, "train/Acc.Phone Booth": 0.0014000000000000002, "train/Acc.Pothole": 0.0, "train/Acc.Street Light": 0.4357, "train/Acc.Pole": 0.5683, "train/Acc.Traffic Sign Frame": 0.5934, "train/Acc.Utility Pole": 0.564, "train/Acc.Traffic Light": 0.7518, "train/Acc.Traffic Sign (Back)": 0.5012, "train/Acc.Traffic Sign (Front)": 0.8029999999999999, "train/Acc.Trash Can": 0.4694, "train/Acc.Bicycle": 0.7145, "train/Acc.Boat": 0.003, "train/Acc.Bus": 0.8553000000000001, "train/Acc.Car": 0.9475, "train/Acc.Caravan": NaN, "train/Acc.Motorcycle": 0.4805, "train/Acc.On Rails": 0.4382, "train/Acc.Other Vehicle": 0.038, "train/Acc.Trailer": 0.0, "train/Acc.Truck": 0.8599, "train/Acc.Wheeled Slow": 0.032400000000000005, "train/Acc.Car Mount": 0.7252, "train/Acc.Ego Vehicle": 0.8614, "train/Acc.Unlabeled": 0.31329999999999997}