{"train/decode.loss_seg": 0.39446271330118177, "train/decode.acc_seg": 86.14557098388671, "train/loss": 0.39446271330118177, "learning_rate": 3.02850375e-05, "momentum": 0.9, "_runtime": 579037, "_timestamp": 1626347855, "_step": 792400, "train/eval_iter_num": 500, "train/aAcc": 0.8588, "train/mIoU": 0.3593, "train/mAcc": 0.4347, "train/IoU.Bird": 0.0, "train/IoU.Ground Animal": 0.0, "train/IoU.Curb": 0.5268999999999999, "train/IoU.Fence": 0.4915, "train/IoU.Guard Rail": 0.5462, "train/IoU.Barrier": 0.4854, "train/IoU.Wall": 0.4604, "train/IoU.Bike Lane": 0.2293, "train/IoU.Crosswalk - Plain": 0.1889, "train/IoU.Curb Cut": 0.09269999999999999, "train/IoU.Parking": 0.0668, "train/IoU.Pedestrian Area": 0.0975, "train/IoU.Rail Track": 0.2686, "train/IoU.Road": 0.8320000000000001, "train/IoU.Service Lane": 0.1142, "train/IoU.Sidewalk": 0.5257999999999999, "train/IoU.Bridge": 0.6468, "train/IoU.Building": 0.8092, "train/IoU.Tunnel": 0.5558, "train/IoU.Person": 0.6256, "train/IoU.Bicyclist": 0.31489999999999996, "train/IoU.Motorcyclist": 0.1255, "train/IoU.Other Rider": 0.0, "train/IoU.Lane Marking - Crosswalk": 0.5887, "train/IoU.Lane Marking - General": 0.5522, "train/IoU.Mountain": 0.4144, "train/IoU.Sand": 0.0684, "train/IoU.Sky": 0.9695999999999999, "train/IoU.Snow": 0.8066, "train/IoU.Terrain": 0.6206, "train/IoU.Vegetation": 0.8667, "train/IoU.Water": 0.7845, "train/IoU.Banner": 0.06269999999999999, "train/IoU.Bench": 0.21539999999999998, "train/IoU.Bike Rack": 0.0, "train/IoU.Billboard": 0.39759999999999995, "train/IoU.Catch Basin": 0.27949999999999997, "train/IoU.CCTV Camera": 0.0001, "train/IoU.Fire Hydrant": 0.3039, "train/IoU.Junction Box": 0.32630000000000003, "train/IoU.Mailbox": 0.0695, "train/IoU.Manhole": 0.2824, "train/IoU.Phone Booth": 0.0, "train/IoU.Pothole": 0.0034999999999999996, "train/IoU.Street Light": 0.2766, "train/IoU.Pole": 0.3804, "train/IoU.Traffic Sign Frame": 0.4913, "train/IoU.Utility Pole": 0.3845, "train/IoU.Traffic Light": 0.5337, "train/IoU.Traffic Sign (Back)": 0.2638, "train/IoU.Traffic Sign (Front)": 0.6496999999999999, "train/IoU.Trash Can": 0.2613, "train/IoU.Bicycle": 0.4376, "train/IoU.Boat": 0.0005, "train/IoU.Bus": 0.5908, "train/IoU.Car": 0.846, "train/IoU.Caravan": 0.0, "train/IoU.Motorcycle": 0.3019, "train/IoU.On Rails": 0.3097, "train/IoU.Other Vehicle": 0.04769999999999999, "train/IoU.Trailer": 0.0, "train/IoU.Truck": 0.6003000000000001, "train/IoU.Wheeled Slow": 0.1161, "train/IoU.Car Mount": 0.5440999999999999, "train/IoU.Ego Vehicle": 0.8265, "train/IoU.Unlabeled": 0.23329999999999998, "train/Acc.Bird": 0.0, "train/Acc.Ground Animal": 0.0, "train/Acc.Curb": 0.6485, "train/Acc.Fence": 0.599, "train/Acc.Guard Rail": 0.7090000000000001, "train/Acc.Barrier": 0.5975, "train/Acc.Wall": 0.5661, "train/Acc.Bike Lane": 0.2569, "train/Acc.Crosswalk - Plain": 0.215, "train/Acc.Curb Cut": 0.11470000000000001, "train/Acc.Parking": 0.08109999999999999, "train/Acc.Pedestrian Area": 0.10310000000000001, "train/Acc.Rail Track": 0.318, "train/Acc.Road": 0.9394, "train/Acc.Service Lane": 0.1387, "train/Acc.Sidewalk": 0.8086, "train/Acc.Bridge": 0.7121999999999999, "train/Acc.Building": 0.9336, "train/Acc.Tunnel": 0.6622, "train/Acc.Person": 0.8226, "train/Acc.Bicyclist": 0.4974, "train/Acc.Motorcyclist": 0.1856, "train/Acc.Other Rider": 0.0, "train/Acc.Lane Marking - Crosswalk": 0.6876000000000001, "train/Acc.Lane Marking - General": 0.625, "train/Acc.Mountain": 0.4436, "train/Acc.Sand": 0.0753, "train/Acc.Sky": 0.9908, "train/Acc.Snow": 0.9192, "train/Acc.Terrain": 0.8209000000000001, "train/Acc.Vegetation": 0.9449, "train/Acc.Water": 0.8049, "train/Acc.Banner": 0.07690000000000001, "train/Acc.Bench": 0.2232, "train/Acc.Bike Rack": 0.0, "train/Acc.Billboard": 0.5526, "train/Acc.Catch Basin": 0.3188, "train/Acc.CCTV Camera": 0.0001, "train/Acc.Fire Hydrant": 0.38189999999999996, "train/Acc.Junction Box": 0.3784, "train/Acc.Mailbox": 0.071, "train/Acc.Manhole": 0.3446, "train/Acc.Phone Booth": 0.0, "train/Acc.Pothole": 0.0034999999999999996, "train/Acc.Street Light": 0.31079999999999997, "train/Acc.Pole": 0.4718, "train/Acc.Traffic Sign Frame": 0.6772, "train/Acc.Utility Pole": 0.5092, "train/Acc.Traffic Light": 0.6476999999999999, "train/Acc.Traffic Sign (Back)": 0.3375, "train/Acc.Traffic Sign (Front)": 0.7269, "train/Acc.Trash Can": 0.3161, "train/Acc.Bicycle": 0.5183, "train/Acc.Boat": 0.0008, "train/Acc.Bus": 0.8477, "train/Acc.Car": 0.9545999999999999, "train/Acc.Caravan": NaN, "train/Acc.Motorcycle": 0.4244, "train/Acc.On Rails": 0.31420000000000003, "train/Acc.Other Vehicle": 0.0521, "train/Acc.Trailer": 0.0, "train/Acc.Truck": 0.7214, "train/Acc.Wheeled Slow": 0.1192, "train/Acc.Car Mount": 0.5634, "train/Acc.Ego Vehicle": 0.8461, "train/Acc.Unlabeled": 0.3231}