{"train/decode.loss_seg": 2.256937620639801, "train/decode.acc_seg": 53.75016794703901, "train/aux_0.loss_seg": 0.7894595068693161, "train/aux_0.acc_seg": 57.16491192817688, "train/aux_1.loss_seg": 0.7528909516334533, "train/aux_1.acc_seg": 59.51239004135132, "train/aux_2.loss_seg": 0.7448366743326187, "train/aux_2.acc_seg": 60.419867763519285, "train/loss": 4.544124794006348, "learning_rate": 3.979531004263765e-05, "momentum": 0.9, "_runtime": 53, "_timestamp": 1627473334, "_step": 200}