{"train/decode.loss_seg": 0.6076757764816284, "train/decode.acc_seg": 80.65788047790528, "train/loss": 0.6076757764816284, "learning_rate": 4.28587875e-05, "momentum": 0.9, "_runtime": 129860, "_timestamp": 1625898375, "_step": 457100, "train/eval_iter_num": 500, "train/aAcc": 0.8233, "train/mIoU": 0.2669, "train/mAcc": 0.335, "train/IoU.Bird": 0.0, "train/IoU.Ground Animal": 0.0, "train/IoU.Curb": 0.4497, "train/IoU.Fence": 0.33899999999999997, "train/IoU.Guard Rail": 0.4393, "train/IoU.Barrier": 0.38530000000000003, "train/IoU.Wall": 0.35350000000000004, "train/IoU.Bike Lane": 0.1151, "train/IoU.Crosswalk - Plain": 0.0165, "train/IoU.Curb Cut": 0.009399999999999999, "train/IoU.Parking": 0.0025, "train/IoU.Pedestrian Area": 0.1825, "train/IoU.Rail Track": 0.1542, "train/IoU.Road": 0.7943000000000001, "train/IoU.Service Lane": 0.20920000000000002, "train/IoU.Sidewalk": 0.4413, "train/IoU.Bridge": 0.5268, "train/IoU.Building": 0.7576999999999999, "train/IoU.Tunnel": 0.20079999999999998, "train/IoU.Person": 0.5592, "train/IoU.Bicyclist": 0.1753, "train/IoU.Motorcyclist": 0.1371, "train/IoU.Other Rider": 0.0, "train/IoU.Lane Marking - Crosswalk": 0.46090000000000003, "train/IoU.Lane Marking - General": 0.47590000000000005, "train/IoU.Mountain": 0.3201, "train/IoU.Sand": 0.0001, "train/IoU.Sky": 0.9612999999999999, "train/IoU.Snow": 0.6939, "train/IoU.Terrain": 0.5633, "train/IoU.Vegetation": 0.8298000000000001, "train/IoU.Water": 0.6934, "train/IoU.Banner": 0.011399999999999999, "train/IoU.Bench": 0.0036, "train/IoU.Bike Rack": 0.0, "train/IoU.Billboard": 0.26289999999999997, "train/IoU.Catch Basin": 0.1826, "train/IoU.CCTV Camera": 0.0, "train/IoU.Fire Hydrant": 0.1582, "train/IoU.Junction Box": 0.09759999999999999, "train/IoU.Mailbox": 0.0, "train/IoU.Manhole": 0.1461, "train/IoU.Phone Booth": 0.0, "train/IoU.Pothole": 0.0, "train/IoU.Street Light": 0.1661, "train/IoU.Pole": 0.301, "train/IoU.Traffic Sign Frame": 0.40990000000000004, "train/IoU.Utility Pole": 0.28190000000000004, "train/IoU.Traffic Light": 0.3782, "train/IoU.Traffic Sign (Back)": 0.11220000000000001, "train/IoU.Traffic Sign (Front)": 0.5206000000000001, "train/IoU.Trash Can": 0.1121, "train/IoU.Bicycle": 0.19899999999999998, "train/IoU.Boat": 0.0033, "train/IoU.Bus": 0.317, "train/IoU.Car": 0.7545999999999999, "train/IoU.Caravan": NaN, "train/IoU.Motorcycle": 0.16870000000000002, "train/IoU.On Rails": 0.0, "train/IoU.Other Vehicle": 0.0026, "train/IoU.Trailer": 0.0, "train/IoU.Truck": 0.3953, "train/IoU.Wheeled Slow": 0.0, "train/IoU.Car Mount": 0.2552, "train/IoU.Ego Vehicle": 0.7323000000000001, "train/IoU.Unlabeled": 0.128, "train/Acc.Bird": 0.0, "train/Acc.Ground Animal": 0.0, "train/Acc.Curb": 0.5831000000000001, "train/Acc.Fence": 0.3962, "train/Acc.Guard Rail": 0.7339, "train/Acc.Barrier": 0.4454, "train/Acc.Wall": 0.4043, "train/Acc.Bike Lane": 0.11939999999999999, "train/Acc.Crosswalk - Plain": 0.0166, "train/Acc.Curb Cut": 0.0096, "train/Acc.Parking": 0.0026, "train/Acc.Pedestrian Area": 0.19039999999999999, "train/Acc.Rail Track": 0.19269999999999998, "train/Acc.Road": 0.9172, "train/Acc.Service Lane": 0.2807, "train/Acc.Sidewalk": 0.7587999999999999, "train/Acc.Bridge": 0.7379000000000001, "train/Acc.Building": 0.9148999999999999, "train/Acc.Tunnel": 0.2433, "train/Acc.Person": 0.7245, "train/Acc.Bicyclist": 0.1911, "train/Acc.Motorcyclist": 0.2394, "train/Acc.Other Rider": 0.0, "train/Acc.Lane Marking - Crosswalk": 0.557, "train/Acc.Lane Marking - General": 0.5415, "train/Acc.Mountain": 0.3578, "train/Acc.Sand": 0.0001, "train/Acc.Sky": 0.988, "train/Acc.Snow": 0.9525, "train/Acc.Terrain": 0.762, "train/Acc.Vegetation": 0.9383, "train/Acc.Water": 0.7317, "train/Acc.Banner": 0.0115, "train/Acc.Bench": 0.0036, "train/Acc.Bike Rack": 0.0, "train/Acc.Billboard": 0.33340000000000003, "train/Acc.Catch Basin": 0.19210000000000002, "train/Acc.CCTV Camera": 0.0, "train/Acc.Fire Hydrant": 0.1661, "train/Acc.Junction Box": 0.1057, "train/Acc.Mailbox": 0.0, "train/Acc.Manhole": 0.1736, "train/Acc.Phone Booth": 0.0, "train/Acc.Pothole": 0.0, "train/Acc.Street Light": 0.18059999999999998, "train/Acc.Pole": 0.3986, "train/Acc.Traffic Sign Frame": 0.5529, "train/Acc.Utility Pole": 0.39659999999999995, "train/Acc.Traffic Light": 0.43079999999999996, "train/Acc.Traffic Sign (Back)": 0.12689999999999999, "train/Acc.Traffic Sign (Front)": 0.7078, "train/Acc.Trash Can": 0.13849999999999998, "train/Acc.Bicycle": 0.2278, "train/Acc.Boat": 0.0042, "train/Acc.Bus": 0.7106999999999999, "train/Acc.Car": 0.9338, "train/Acc.Caravan": NaN, "train/Acc.Motorcycle": 0.2606, "train/Acc.On Rails": 0.0, "train/Acc.Other Vehicle": 0.0028000000000000004, "train/Acc.Trailer": 0.0, "train/Acc.Truck": 0.6257, "train/Acc.Wheeled Slow": 0.0, "train/Acc.Car Mount": 0.25670000000000004, "train/Acc.Ego Vehicle": 0.7472, "train/Acc.Unlabeled": 0.1568}