{"train/decode.loss_seg": 0.47325088649988173, "train/decode.acc_seg": 83.0039289855957, "train/aux.loss_seg": 0.26617028534412385, "train/aux.acc_seg": 78.83990524291993, "train/loss": 0.7394211715459824, "learning_rate": 0.0001000807898166725, "momentum": 0.9, "_runtime": 148110, "_timestamp": 1625885669, "_step": 160000, "train/eval_iter_num": 500, "train/aAcc": 0.8603000000000001, "train/mIoU": 0.3591, "train/mAcc": 0.4675, "train/IoU.Bird": 0.0, "train/IoU.Ground Animal": 0.0, "train/IoU.Curb": 0.5652, "train/IoU.Fence": 0.5445, "train/IoU.Guard Rail": 0.5217, "train/IoU.Barrier": 0.4269, "train/IoU.Wall": 0.4915, "train/IoU.Bike Lane": 0.2328, "train/IoU.Crosswalk - Plain": 0.14400000000000002, "train/IoU.Curb Cut": 0.10859999999999999, "train/IoU.Parking": 0.0447, "train/IoU.Pedestrian Area": 0.28309999999999996, "train/IoU.Rail Track": 0.3768, "train/IoU.Road": 0.83, "train/IoU.Service Lane": 0.35409999999999997, "train/IoU.Sidewalk": 0.5861999999999999, "train/IoU.Bridge": 0.6317, "train/IoU.Building": 0.825, "train/IoU.Tunnel": 0.1257, "train/IoU.Person": 0.7111, "train/IoU.Bicyclist": 0.253, "train/IoU.Motorcyclist": 0.3172, "train/IoU.Other Rider": 0.0, "train/IoU.Lane Marking - Crosswalk": 0.48560000000000003, "train/IoU.Lane Marking - General": 0.5386, "train/IoU.Mountain": 0.5755, "train/IoU.Sand": 0.0, "train/IoU.Sky": 0.9621999999999999, "train/IoU.Snow": 0.4648, "train/IoU.Terrain": 0.6071, "train/IoU.Vegetation": 0.8742, "train/IoU.Water": 0.6922, "train/IoU.Banner": 0.0567, "train/IoU.Bench": 0.011899999999999999, "train/IoU.Bike Rack": 0.0001, "train/IoU.Billboard": 0.46020000000000005, "train/IoU.Catch Basin": 0.3937, "train/IoU.CCTV Camera": 0.0, "train/IoU.Fire Hydrant": 0.0446, "train/IoU.Junction Box": 0.33799999999999997, "train/IoU.Mailbox": 0.0, "train/IoU.Manhole": 0.4142, "train/IoU.Phone Booth": 0.0, "train/IoU.Pothole": 0.0, "train/IoU.Street Light": 0.3968, "train/IoU.Pole": 0.44420000000000004, "train/IoU.Traffic Sign Frame": 0.5189, "train/IoU.Utility Pole": 0.41609999999999997, "train/IoU.Traffic Light": 0.6426999999999999, "train/IoU.Traffic Sign (Back)": 0.38, "train/IoU.Traffic Sign (Front)": 0.7236, "train/IoU.Trash Can": 0.26739999999999997, "train/IoU.Bicycle": 0.4631, "train/IoU.Boat": 0.0, "train/IoU.Bus": 0.4838, "train/IoU.Car": 0.8806999999999999, "train/IoU.Caravan": NaN, "train/IoU.Motorcycle": 0.2585, "train/IoU.On Rails": 0.0039000000000000003, "train/IoU.Other Vehicle": 0.0785, "train/IoU.Trailer": 0.0, "train/IoU.Truck": 0.5296, "train/IoU.Wheeled Slow": 0.0, "train/IoU.Car Mount": 0.5695, "train/IoU.Ego Vehicle": 0.74, "train/IoU.Unlabeled": 0.2488, "train/Acc.Bird": 0.0, "train/Acc.Ground Animal": 0.0, "train/Acc.Curb": 0.6953, "train/Acc.Fence": 0.6568999999999999, "train/Acc.Guard Rail": 0.7283, "train/Acc.Barrier": 0.5399, "train/Acc.Wall": 0.6595, "train/Acc.Bike Lane": 0.45289999999999997, "train/Acc.Crosswalk - Plain": 0.1744, "train/Acc.Curb Cut": 0.1258, "train/Acc.Parking": 0.0507, "train/Acc.Pedestrian Area": 0.3651, "train/Acc.Rail Track": 0.5440999999999999, "train/Acc.Road": 0.9286, "train/Acc.Service Lane": 0.4924, "train/Acc.Sidewalk": 0.7990999999999999, "train/Acc.Bridge": 0.7123999999999999, "train/Acc.Building": 0.9218000000000001, "train/Acc.Tunnel": 0.6895, "train/Acc.Person": 0.8725, "train/Acc.Bicyclist": 0.45549999999999996, "train/Acc.Motorcyclist": 0.4346, "train/Acc.Other Rider": 0.0, "train/Acc.Lane Marking - Crosswalk": 0.5373, "train/Acc.Lane Marking - General": 0.5992000000000001, "train/Acc.Mountain": 0.6557999999999999, "train/Acc.Sand": 0.0, "train/Acc.Sky": 0.9814, "train/Acc.Snow": 0.9795, "train/Acc.Terrain": 0.7273000000000001, "train/Acc.Vegetation": 0.9458, "train/Acc.Water": 0.8309000000000001, "train/Acc.Banner": 0.067, "train/Acc.Bench": 0.011899999999999999, "train/Acc.Bike Rack": 0.0001, "train/Acc.Billboard": 0.6117, "train/Acc.Catch Basin": 0.4593, "train/Acc.CCTV Camera": 0.0, "train/Acc.Fire Hydrant": 0.044800000000000006, "train/Acc.Junction Box": 0.5032, "train/Acc.Mailbox": 0.0, "train/Acc.Manhole": 0.5159, "train/Acc.Phone Booth": 0.0, "train/Acc.Pothole": 0.0, "train/Acc.Street Light": 0.4648, "train/Acc.Pole": 0.5447, "train/Acc.Traffic Sign Frame": 0.6525, "train/Acc.Utility Pole": 0.565, "train/Acc.Traffic Light": 0.7803, "train/Acc.Traffic Sign (Back)": 0.5079, "train/Acc.Traffic Sign (Front)": 0.8190000000000001, "train/Acc.Trash Can": 0.588, "train/Acc.Bicycle": 0.7237, "train/Acc.Boat": 0.0, "train/Acc.Bus": 0.6466, "train/Acc.Car": 0.9416, "train/Acc.Caravan": NaN, "train/Acc.Motorcycle": 0.595, "train/Acc.On Rails": 0.0039000000000000003, "train/Acc.Other Vehicle": 0.0889, "train/Acc.Trailer": 0.0, "train/Acc.Truck": 0.9035, "train/Acc.Wheeled Slow": 0.0, "train/Acc.Car Mount": 0.6718999999999999, "train/Acc.Ego Vehicle": 0.7633, "train/Acc.Unlabeled": 0.35590000000000005}