{"train/decode.loss_seg": 0.3324275979399681, "train/decode.acc_seg": 87.42733230590821, "train/aux_0.loss_seg": 0.15250256717205046, "train/aux_0.acc_seg": 86.14001022338867, "train/aux_1.loss_seg": 0.13578458562493323, "train/aux_1.acc_seg": 87.19093505859375, "train/aux_2.loss_seg": 0.13416462793946266, "train/aux_2.acc_seg": 87.25311004638672, "train/loss": 0.7548793756961822, "learning_rate": 5.556059999999999e-05, "momentum": 0.9, "_runtime": 448966, "_timestamp": 1627922461, "_step": 407400, "train/eval_iter_num": 500, "train/aAcc": 0.8395999999999999, "train/mIoU": 0.324, "train/mAcc": 0.4118, "train/IoU.Bird": 0.0, "train/IoU.Ground Animal": 0.0, "train/IoU.Curb": 0.4143, "train/IoU.Fence": 0.38, "train/IoU.Guard Rail": 0.4111, "train/IoU.Barrier": 0.3721, "train/IoU.Wall": 0.424, "train/IoU.Bike Lane": 0.1243, "train/IoU.Crosswalk - Plain": 0.2235, "train/IoU.Curb Cut": 0.0567, "train/IoU.Parking": 0.0621, "train/IoU.Pedestrian Area": 0.4483, "train/IoU.Rail Track": 0.10400000000000001, "train/IoU.Road": 0.82, "train/IoU.Service Lane": 0.20739999999999997, "train/IoU.Sidewalk": 0.5474, "train/IoU.Bridge": 0.5904, "train/IoU.Building": 0.7731, "train/IoU.Tunnel": 0.3347, "train/IoU.Person": 0.5376, "train/IoU.Bicyclist": 0.2736, "train/IoU.Motorcyclist": 0.3093, "train/IoU.Other Rider": 0.0, "train/IoU.Lane Marking - Crosswalk": 0.5073, "train/IoU.Lane Marking - General": 0.4346, "train/IoU.Mountain": 0.4294, "train/IoU.Sand": 0.1574, "train/IoU.Sky": 0.9472, "train/IoU.Snow": 0.8046, "train/IoU.Terrain": 0.5759000000000001, "train/IoU.Vegetation": 0.8323, "train/IoU.Water": 0.8106, "train/IoU.Banner": 0.0381, "train/IoU.Bench": 0.1753, "train/IoU.Bike Rack": 0.0, "train/IoU.Billboard": 0.29109999999999997, "train/IoU.Catch Basin": 0.318, "train/IoU.CCTV Camera": 0.0, "train/IoU.Fire Hydrant": 0.17170000000000002, "train/IoU.Junction Box": 0.2838, "train/IoU.Mailbox": 0.0064, "train/IoU.Manhole": 0.1481, "train/IoU.Phone Booth": 0.0, "train/IoU.Pothole": 0.0004, "train/IoU.Street Light": 0.1273, "train/IoU.Pole": 0.2029, "train/IoU.Traffic Sign Frame": 0.3957, "train/IoU.Utility Pole": 0.25170000000000003, "train/IoU.Traffic Light": 0.40369999999999995, "train/IoU.Traffic Sign (Back)": 0.15380000000000002, "train/IoU.Traffic Sign (Front)": 0.5727, "train/IoU.Trash Can": 0.1859, "train/IoU.Bicycle": 0.3148, "train/IoU.Boat": 0.038599999999999995, "train/IoU.Bus": 0.4916, "train/IoU.Car": 0.8140000000000001, "train/IoU.Caravan": 0.0, "train/IoU.Motorcycle": 0.21739999999999998, "train/IoU.On Rails": 0.2924, "train/IoU.Other Vehicle": 0.2191, "train/IoU.Trailer": 0.0, "train/IoU.Truck": 0.5488000000000001, "train/IoU.Wheeled Slow": 0.1298, "train/IoU.Car Mount": 0.5849, "train/IoU.Ego Vehicle": 0.8558, "train/IoU.Unlabeled": 0.2386, "train/Acc.Bird": 0.0, "train/Acc.Ground Animal": 0.0, "train/Acc.Curb": 0.499, "train/Acc.Fence": 0.4374, "train/Acc.Guard Rail": 0.5888, "train/Acc.Barrier": 0.4792, "train/Acc.Wall": 0.5247999999999999, "train/Acc.Bike Lane": 0.1476, "train/Acc.Crosswalk - Plain": 0.3105, "train/Acc.Curb Cut": 0.0724, "train/Acc.Parking": 0.08349999999999999, "train/Acc.Pedestrian Area": 0.45270000000000005, "train/Acc.Rail Track": 0.1209, "train/Acc.Road": 0.9467, "train/Acc.Service Lane": 0.23129999999999998, "train/Acc.Sidewalk": 0.7501000000000001, "train/Acc.Bridge": 0.691, "train/Acc.Building": 0.9251999999999999, "train/Acc.Tunnel": 0.6303, "train/Acc.Person": 0.779, "train/Acc.Bicyclist": 0.4799, "train/Acc.Motorcyclist": 0.5568, "train/Acc.Other Rider": 0.0, "train/Acc.Lane Marking - Crosswalk": 0.6065, "train/Acc.Lane Marking - General": 0.4947, "train/Acc.Mountain": 0.4986, "train/Acc.Sand": 0.20120000000000002, "train/Acc.Sky": 0.9784, "train/Acc.Snow": 0.9556999999999999, "train/Acc.Terrain": 0.7286, "train/Acc.Vegetation": 0.9255, "train/Acc.Water": 0.8403, "train/Acc.Banner": 0.0438, "train/Acc.Bench": 0.18789999999999998, "train/Acc.Bike Rack": 0.0, "train/Acc.Billboard": 0.37450000000000006, "train/Acc.Catch Basin": 0.3885, "train/Acc.CCTV Camera": 0.0, "train/Acc.Fire Hydrant": 0.2925, "train/Acc.Junction Box": 0.4361, "train/Acc.Mailbox": 0.0085, "train/Acc.Manhole": 0.2027, "train/Acc.Phone Booth": 0.0, "train/Acc.Pothole": 0.0004, "train/Acc.Street Light": 0.1379, "train/Acc.Pole": 0.2743, "train/Acc.Traffic Sign Frame": 0.48229999999999995, "train/Acc.Utility Pole": 0.3985, "train/Acc.Traffic Light": 0.49479999999999996, "train/Acc.Traffic Sign (Back)": 0.20920000000000002, "train/Acc.Traffic Sign (Front)": 0.6738, "train/Acc.Trash Can": 0.3048, "train/Acc.Bicycle": 0.3873, "train/Acc.Boat": 0.0471, "train/Acc.Bus": 0.6829999999999999, "train/Acc.Car": 0.9214, "train/Acc.Caravan": NaN, "train/Acc.Motorcycle": 0.4257, "train/Acc.On Rails": 0.2974, "train/Acc.Other Vehicle": 0.23879999999999998, "train/Acc.Trailer": 0.0, "train/Acc.Truck": 0.7998999999999999, "train/Acc.Wheeled Slow": 0.1381, "train/Acc.Car Mount": 0.7121, "train/Acc.Ego Vehicle": 0.9189, "train/Acc.Unlabeled": 0.3508}