{"train/decode.loss_seg": 1.825156956911087, "train/decode.acc_seg": 56.40189010620117, "train/aux.loss_seg": 0.8650300133228302, "train/aux.acc_seg": 50.810871276855465, "train/loss": 2.6901869702339174, "learning_rate": 0.003986922811495254, "momentum": 0.9, "_runtime": 234, "_timestamp": 1625232094, "_step": 150}