{"train/decode.loss_seg": 0.4480831003189087, "train/decode.acc_seg": 84.36092056274414, "train/loss": 0.4480831003189087, "learning_rate": 4.6640687500000005e-05, "momentum": 0.9, "_runtime": 276818, "_timestamp": 1626876304, "_step": 853750, "train/eval_iter_num": 500, "train/aAcc": 0.8606999999999999, "train/mIoU": 0.36479999999999996, "train/mAcc": 0.44079999999999997, "train/IoU.Bird": 0.0, "train/IoU.Ground Animal": 0.0, "train/IoU.Curb": 0.5318, "train/IoU.Fence": 0.4789, "train/IoU.Guard Rail": 0.5549000000000001, "train/IoU.Barrier": 0.43939999999999996, "train/IoU.Wall": 0.4592, "train/IoU.Bike Lane": 0.2134, "train/IoU.Crosswalk - Plain": 0.125, "train/IoU.Curb Cut": 0.07980000000000001, "train/IoU.Parking": 0.024300000000000002, "train/IoU.Pedestrian Area": 0.43700000000000006, "train/IoU.Rail Track": 0.3373, "train/IoU.Road": 0.8428, "train/IoU.Service Lane": 0.1975, "train/IoU.Sidewalk": 0.5564, "train/IoU.Bridge": 0.6448, "train/IoU.Building": 0.8065000000000001, "train/IoU.Tunnel": 0.5479999999999999, "train/IoU.Person": 0.6335999999999999, "train/IoU.Bicyclist": 0.3944, "train/IoU.Motorcyclist": 0.14980000000000002, "train/IoU.Other Rider": 0.0, "train/IoU.Lane Marking - Crosswalk": 0.5561, "train/IoU.Lane Marking - General": 0.5342, "train/IoU.Mountain": 0.4974, "train/IoU.Sand": 0.0024, "train/IoU.Sky": 0.9703, "train/IoU.Snow": 0.7939, "train/IoU.Terrain": 0.5938, "train/IoU.Vegetation": 0.8626999999999999, "train/IoU.Water": 0.7948000000000001, "train/IoU.Banner": 0.0183, "train/IoU.Bench": 0.28, "train/IoU.Bike Rack": 0.0043, "train/IoU.Billboard": 0.37549999999999994, "train/IoU.Catch Basin": 0.24489999999999998, "train/IoU.CCTV Camera": 0.0, "train/IoU.Fire Hydrant": 0.30469999999999997, "train/IoU.Junction Box": 0.32409999999999994, "train/IoU.Mailbox": 0.0, "train/IoU.Manhole": 0.2612, "train/IoU.Phone Booth": 0.0, "train/IoU.Pothole": 0.0, "train/IoU.Street Light": 0.2728, "train/IoU.Pole": 0.369, "train/IoU.Traffic Sign Frame": 0.5127, "train/IoU.Utility Pole": 0.3605, "train/IoU.Traffic Light": 0.5226, "train/IoU.Traffic Sign (Back)": 0.2577, "train/IoU.Traffic Sign (Front)": 0.6557, "train/IoU.Trash Can": 0.24059999999999998, "train/IoU.Bicycle": 0.4191, "train/IoU.Boat": 0.0121, "train/IoU.Bus": 0.5015999999999999, "train/IoU.Car": 0.8390000000000001, "train/IoU.Caravan": NaN, "train/IoU.Motorcycle": 0.2709, "train/IoU.On Rails": 0.3165, "train/IoU.Other Vehicle": 0.0297, "train/IoU.Trailer": 0.0, "train/IoU.Truck": 0.5618, "train/IoU.Wheeled Slow": 0.0542, "train/IoU.Car Mount": 0.5967, "train/IoU.Ego Vehicle": 0.8277, "train/IoU.Unlabeled": 0.2167, "train/Acc.Bird": 0.0, "train/Acc.Ground Animal": 0.0, "train/Acc.Curb": 0.6487999999999999, "train/Acc.Fence": 0.5774, "train/Acc.Guard Rail": 0.7279000000000001, "train/Acc.Barrier": 0.5534, "train/Acc.Wall": 0.5775, "train/Acc.Bike Lane": 0.2483, "train/Acc.Crosswalk - Plain": 0.1328, "train/Acc.Curb Cut": 0.0922, "train/Acc.Parking": 0.0265, "train/Acc.Pedestrian Area": 0.5697, "train/Acc.Rail Track": 0.4573, "train/Acc.Road": 0.9498000000000001, "train/Acc.Service Lane": 0.2509, "train/Acc.Sidewalk": 0.7809999999999999, "train/Acc.Bridge": 0.7532, "train/Acc.Building": 0.9228000000000001, "train/Acc.Tunnel": 0.5961, "train/Acc.Person": 0.8103, "train/Acc.Bicyclist": 0.5640999999999999, "train/Acc.Motorcyclist": 0.2212, "train/Acc.Other Rider": 0.0, "train/Acc.Lane Marking - Crosswalk": 0.6443000000000001, "train/Acc.Lane Marking - General": 0.5968, "train/Acc.Mountain": 0.5579999999999999, "train/Acc.Sand": 0.0027, "train/Acc.Sky": 0.9882, "train/Acc.Snow": 0.9511, "train/Acc.Terrain": 0.7993000000000001, "train/Acc.Vegetation": 0.9456, "train/Acc.Water": 0.8233, "train/Acc.Banner": 0.019299999999999998, "train/Acc.Bench": 0.29309999999999997, "train/Acc.Bike Rack": 0.0045000000000000005, "train/Acc.Billboard": 0.49329999999999996, "train/Acc.Catch Basin": 0.2667, "train/Acc.CCTV Camera": 0.0, "train/Acc.Fire Hydrant": 0.3483, "train/Acc.Junction Box": 0.40659999999999996, "train/Acc.Mailbox": 0.0, "train/Acc.Manhole": 0.3206, "train/Acc.Phone Booth": 0.0, "train/Acc.Pothole": 0.0, "train/Acc.Street Light": 0.3081, "train/Acc.Pole": 0.46509999999999996, "train/Acc.Traffic Sign Frame": 0.665, "train/Acc.Utility Pole": 0.4988, "train/Acc.Traffic Light": 0.6396000000000001, "train/Acc.Traffic Sign (Back)": 0.3152, "train/Acc.Traffic Sign (Front)": 0.785, "train/Acc.Trash Can": 0.507, "train/Acc.Bicycle": 0.5106, "train/Acc.Boat": 0.0154, "train/Acc.Bus": 0.6056, "train/Acc.Car": 0.9581999999999999, "train/Acc.Caravan": NaN, "train/Acc.Motorcycle": 0.408, "train/Acc.On Rails": 0.3285, "train/Acc.Other Vehicle": 0.0355, "train/Acc.Trailer": 0.0, "train/Acc.Truck": 0.8368000000000001, "train/Acc.Wheeled Slow": 0.0552, "train/Acc.Car Mount": 0.6509, "train/Acc.Ego Vehicle": 0.8467, "train/Acc.Unlabeled": 0.2912}